Employee,SS No.,Street1,Street2,City,State,Zip,Township Code
JAMES E. TEST004,900-00-0004,123 ANY ST,,SHIPPENSBURG,PA,17257,210707
MARY B. TEST001,900-00-0001,123 ANY ST,,CHAMBERSBURG,PA,17202,ST THOMAS
ROBERT C. TEST003 JR,900-00-0003,123 ANY ST,,CHAMBERSBURG,PA,17202,280503
ROBERT C. TEST002,900-00-0002,123 ANY ST,,SMITHSBURG,MD,21783,
MICHAEL G. TEST016,900-00-0016,123 ANY ST,,WAYNESBORO,PA,17268,280504
ELIZABETH J. TEST009,900-00-0009,123 ANY ST,,CHAMBERSBURG,PA,17202,280103
OTHER X. TEST051,900-00-0051,123 ANY ST,,NEWBURG,PA,17240,210701
PATRICIA F. TEST015,900-00-0015,123 ANY ST,,NEWVILLE,PA,17241,210109
OTHER X. TEST052,900-00-0052,123 ANY ST,,MERCERSBURG,PA,17236,280402
MICHAEL G. TEST006,900-00-0006,123 ANY ST,,SHIPPENSBURG,PA,17257,210705
OTHER X. TEST053,900-00-0053,123 ANY ST,,,,,
BARBARA H. TEST007,900-00-0007,123 ANY ST,,HAGERSTOWN,MD,21740,
OTHER X. TEST054,900-00-0054,123 ANY ST,PO BOX 235,MAUGANSVILLE,MD,21767,
ROBERT C. TEST022,900-00-0022,123 ANY ST,,HAGERSTOWN,MD,21742,
ROBERT C. TEST012,900-00-0012,123 ANY ST,,GREENCASTLE,PA,17225,280402
OTHER X. TEST055,900-00-0055,123 ANY ST,,,,,
ELIZABETH J. TEST019,900-00-0019,123 ANY ST,,HAGERSTOWN,MD,21740,
OTHER X. TEST056,900-00-0056,123 ANY ST,,WILLIAMSPORT,MD,21795,
WILLIAM I. TEST008,900-00-0008,123 ANY ST,,SHIPPENSBURG,PA,17257,210105
JOHN A. TEST020,900-00-0020,123 ANY ST,,GREENCASTLE,PA,17225,
MARY B. TEST031,900-00-0031,123 ANY ST,,NEWVILLE,PA,17241,210705
LINDA D. TEST023,900-00-0023,123 ANY ST,,WAYNESBORO,PA,17268,280301
PATRICIA F. TEST005,900-00-0005,123 ANY ST,,MARTINSBURG,WV,25403,
JAMES E. TEST024,900-00-0024,123 ANY ST,,SHIPPENSBURG,PA,17257,210107
PATRICIA F. TEST025,900-00-0025,123 ANY ST,,SHIPPENSBURG,PA,17257,210705
MARY B. TEST021,900-00-0021,123 ANY ST,,GREENCASTLE,PA,17225,280301
BARBARA H. TEST027,900-00-0027,123 ANY ST,,WAYNESBORO,PA,17268,280503
OTHER X. TEST057,900-00-0057,123 ANY ST,,HAGERSTOWN,MD,21740,
PATRICIA F. TEST045,900-00-0045,123 ANY ST,,WAYNESBORO,PA,17268,
MARY B. TEST011,900-00-0011,123 ANY ST,,CHAMBERSBURG,PA,17202,
OTHER X. TEST058,900-00-0058,123 ANY ST,,WAYNESBORO,PA,17268,280503
LINDA D. TEST013,900-00-0013,123 ANY ST,,CHAMBERSBURG,PA,17202,280104
MICHAEL G. TEST036,900-00-0036,123 ANY ST,,GREENCASTLE,PA,17225,280301
OTHER X. TEST059,900-00-0059,123 ANY ST,,WAYNESBORO,PA,17268,280301
OTHER X. TEST060,900-00-0060,123 ANY ST,,CARLISLE,PA,17015,210106
OTHER X. TEST061,900-00-0061,123 ANY ST,,CARLISLE,PA,17015,210106
MICHAEL G. TEST026,900-00-0026,123 ANY ST,,SHIPPENSBURG,PA,17257,210701
OTHER X. TEST062,900-00-0062,123 ANY ST,,CALDWELL,OH,43724,
OTHER X. TEST063,900-00-0063,123 ANY ST,,GREENCASTLE,PA,17225,280301
LINDA D. TEST043,900-00-0043,123 ANY ST,,HAGERSTOWN,MD,21742,
JOHN A. TEST030,900-00-0030,123 ANY ST,,SHIPPENSBURG,PA,17257,210705
OTHER X. TEST064,900-00-0064,123 ANY ST,,GREENCASTLE,PA,17225,280301
BARBARA H. TEST017,900-00-0017,123 ANY ST,,CHAMBERSBURG,PA,17202,280103
OTHER X. TEST065,900-00-0065,123 ANY ST,,HAGERSTOWN,MD,21740,
JOHN A. TEST010,900-00-0010,123 ANY ST,APT 317,MECHANICSBURG,PA,17055,210603
OTHER X. TEST066,900-00-0066,123 ANY ST,,GREENCASTLE,PA,17225,280301
OTHER X. TEST067,900-00-0067,123 ANY ST,,ST THOMAS,PA,17252,280404
OTHER X. TEST068,900-00-0068,123 ANY ST,,CHAMBERSBURG,PA,17201,280102
OTHER X. TEST069,900-00-0069,123 ANY ST,,MERCERSBURG,PA,17236,
ELIZABETH J. TEST049,900-00-0049,123 ANY ST,,HAGERSTOWN,MD,21742,
WILLIAM I. TEST018,900-00-0018,123 ANY ST,,CHAMBERSBURG,PA,17202,280301
OTHER X. TEST070,900-00-0070,123 ANY ST,,WAYNESBORO,PA,17268,280504
OTHER X. TEST071,900-00-0071,123 ANY ST,,GREENCASTLE,PA,17225,280301
JAMES E. TEST014,900-00-0014,123 ANY ST,,SMITHSBURG,MD,21783,
OTHER X. TEST072,900-00-0072,123 ANY ST,,GREENCASTLE,PA,17225,280301
OTHER X. TEST073,900-00-0073,123 ANY ST,,WINCHESTER,VA,22603,
BARBARA H. TEST037,900-00-0037,123 ANY ST,,CHAMBERSBURG,PA,17202,280104
OTHER X. TEST074,900-00-0074,123 ANY ST,,HAGERSTOWN,MD,21742,
OTHER X. TEST075,900-00-0075,123 ANY ST,,GREENCASTLE,PA,17225,280301
OTHER X. TEST076,900-00-0076,123 ANY ST,,ORRSTOWN,PA,17244,
LINDA D. TEST033,900-00-0033,123 ANY ST,,SHIPPENSBURG,PA,17257,210105
OTHER X. TEST077,900-00-0077,123 ANY ST,,GREENCASTLE,PA,17225,280301
OTHER X. TEST078,900-00-0078,123 ANY ST,,HAGERSTOWN,MD,21740,
PATRICIA F. TEST035,900-00-0035,123 ANY ST,,SHIPPENSBURG,PA,17257,210707
OTHER X. TEST079,900-00-0079,123 ANY ST,,SHIPPENSBURGP,PA,17257,210707
JOHN A. TEST040,900-00-0040,123 ANY ST,,SHIPPENSBURG,PA,17257,210705
OTHER X. TEST080,900-00-0080,123 ANY ST,,MERCERSBURG,PA,17236,280403
OTHER X. TEST081,900-00-0081,123 ANY ST,,NEWVILLE,PA,17241,210106
WILLIAM I. TEST038,900-00-0038,123 ANY ST,,CHAMBERSBURG,PA,17202,280103
MARY B. TEST041,900-00-0041,123 ANY ST,,CHAMBERSBURG,PA,17202,280404
OTHER X. TEST082,900-00-0082,123 ANY ST,,HAGERSTOWN,MD,21740,
OTHER X. TEST083,900-00-0083,123 ANY ST,,ST THOMAS,PA,17252,280404
JAMES E. TEST044,900-00-0044,123 ANY ST,,SHIPPENSBURG,PA,17257,210705
OTHER X. TEST084,900-00-0084,123 ANY ST,,HAGERSTOWN,MD,21742,
OTHER X. TEST085,900-00-0085,123 ANY ST,,,,,
OTHER X. TEST086,900-00-0086,123 ANY ST,,HAGERSTOWN,MD,21740,
OTHER X. TEST087,900-00-0087,123 ANY ST,,GREENCASTLE,PA,17225,280301
OTHER X. TEST088,900-00-0088,123 ANY ST,,GREENCASTLE,PA,17225,280301
MICHAEL G. TEST046,900-00-0046,123 ANY ST,,CHAMBERSBURG,PA,17202,17202
OTHER X. TEST089,900-00-0089,123 ANY ST,,ST THOMAS,PA,17252,280404
OTHER X. TEST090,900-00-0090,123 ANY ST,,GREENCASTLE,PA,17225,280301
WILLIAM I. TEST028,900-00-0028,123 ANY ST,,SMITHSBURG,MD,21783,
OTHER X. TEST091,900-00-0091,123 ANY ST,,SHIPPENSBURG,PA,17257,210705
OTHER X. TEST092,900-00-0092,123 ANY ST,,HAGERSTOWN,MD,21742,
OTHER X. TEST093,900-00-0093,123 ANY ST,,GREENCASTLE,PA,17225,280301
OTHER X. TEST094,900-00-0094,123 ANY ST,,WAYNESBORO,PA,17268,280301
OTHER X. TEST095,900-00-0095,123 ANY ST,,SHIPPENSBURG,PA,17257,210705
OTHER X. TEST096,900-00-0096,123 ANY ST,,SHIPPENSBURG,PA,17257,210705
OTHER X. TEST097,900-00-0097,123 ANY ST,,NEWVILLE,PA,17241,210106
OTHER X. TEST098,900-00-0098,123 ANY ST,,SHIPPENSBURG,PA,17257,210705
OTHER X. TEST099,900-00-0099,123 ANY ST,,WAYNESBORO,PA,17268,280503
OTHER X. TEST100,900-00-0100,123 ANY ST,,SHIPPENSBURG,PA,17257,210707
OTHER X. TEST101,900-00-0101,123 ANY ST,,WINCHESTER,VA,22603,
OTHER X. TEST102,900-00-0102,123 ANY ST,,ST THOMAS,PA,17252,280404
ELIZABETH J. TEST029,900-00-0029,123 ANY ST,,SMITHSBURG,MD,21783,
OTHER X. TEST103,900-00-0103,123 ANY ST,,SHIPPENSBURG,PA,17257,210707
ELIZABETH J. TEST039,900-00-0039,123 ANY ST,,WALNUT BOTTOM,PA,17266,280301
OTHER X. TEST104,900-00-0104,123 ANY ST,,WAYNESBORO,PA,17268,280504
OTHER X. TEST105,900-00-0105,123 ANY ST,,CLAYTON,DE,19938,
OTHER X. TEST106,900-00-0106,123 ANY ST,,NEWVILLE,PA,17241,210105
OTHER X. TEST107,900-00-0107,123 ANY ST,,GREENCASTLE,PA,17225,280402
OTHER X. TEST108,900-00-0108,123 ANY ST,,NEWVILLE,PA,17241,210106
OTHER X. TEST109,900-00-0109,123 ANY ST,,GREENCASTLE,PA,17225,280301
OTHER X. TEST110,900-00-0110,123 ANY ST,,NEWVILLE,PA,17241,210106
BARBARA H. TEST047,900-00-0047,123 ANY ST,,CHAMBERSBURG,PA,17202,280404
OTHER X. TEST111,900-00-0111,123 ANY ST,,SHIPPENSBURG,PA,17257,210105
WILLIAM I. TEST048,900-00-0048,123 ANY ST,,CHAMBERSBURG,PA,17202,280404
OTHER X. TEST112,900-00-0112,123 ANY ST,,HAGERSTOWN,MD,21740,
OTHER X. TEST113,900-00-0113,123 ANY ST,,GREENCASTLE,PA,17225,280301
OTHER X. TEST114,900-00-0114,123 ANY ST,,WAYNESBORO,PA,17268,280504
OTHER X. TEST115,900-00-0115,123 ANY ST,,,,,
OTHER X. TEST116,900-00-0116,123 ANY ST,,SHIPPENSBURG,PA,17257,
OTHER X. TEST117,900-00-0117,123 ANY ST,,WAYNESBORO,PA,17268,280301
OTHER X. TEST118,900-00-0118,123 ANY ST,,CRAB ORCHARD,KY,40419,280504
OTHER X. TEST119,900-00-0119,123 ANY ST,,SHIPPENSBURG,PA,17257,210106
OTHER X. TEST120,900-00-0120,123 ANY ST,,ST THOMAS,PA,17252,280404
OTHER X. TEST121,900-00-0121,123 ANY ST,,HAGERSTOWN,MD,21742,
OTHER X. TEST122,900-00-0122,123 ANY ST,,HAGERSTOWN,MD,21740,
OTHER X. TEST123,900-00-0123,123 ANY ST,,GREENCASTLE,PA,17225,280301
OTHER X. TEST124,900-00-0124,123 ANY ST,,GREENCASTLE,PA,17225,
OTHER X. TEST125,900-00-0125,123 ANY ST,,GREENCASTLE,PA,17225,280504
OTHER X. TEST126,900-00-0126,123 ANY ST,,,,,
OTHER X. TEST127,900-00-0127,123 ANY ST,,HAGERSTOWN,MD,21742,
OTHER X. TEST128,900-00-0128,123 ANY ST,,MERCERSBURG,PA,17236,280402
OTHER X. TEST129,900-00-0129,123 ANY ST,,SHIPPENSBURG,PA,17257,210705
OTHER X. TEST130,900-00-0130,123 ANY ST,,WAYNESBORO,PA,17268,280504
OTHER X. TEST131,900-00-0131,123 ANY ST,,BOONSBORO,MD,21713,
OTHER X. TEST132,900-00-0132,123 ANY ST,,SHIPPENSBURG,PA,17257,210705
OTHER X. TEST133,900-00-0133,123 ANY ST,,HAGERSTOWN,MD,21742,
OTHER X. TEST134,900-00-0134,123 ANY ST,,NEWVILLE,PA,17241,210106
OTHER X. TEST135,900-00-0135,123 ANY ST,,HAGERSTOWN,MD,21740,
OTHER X. TEST136,900-00-0136,123 ANY ST,,HAGERSTOWN,MD,21740,
JOHN A. TEST050,900-00-0050,123 ANY ST,,CHAMBERSBURG,PA,17202,280404
OTHER X. TEST137,900-00-0137,123 ANY ST,,SHIPPENSBURG,PA,17257,210707
OTHER X. TEST138,900-00-0138,123 ANY ST,,HAGERSTOWN,MD,21742,
OTHER X. TEST139,900-00-0139,123 ANY ST,,CHAMBERSBURG,PA,17202,280103
OTHER X. TEST140,900-00-0140,123 ANY ST,,HAGERSTOWN,MD,21740,
OTHER X. TEST141,900-00-0141,123 ANY ST,,,,,
OTHER X. TEST142,900-00-0142,123 ANY ST,,CHAMBERSBURG,PA,17202,280103
OTHER X. TEST143,900-00-0143,123 ANY ST,,SHIPPENSBURG,PA,17257,210707
OTHER X. TEST144,900-00-0144,123 ANY ST,,SHIPPENSBURG,PA,17257,210707
OTHER X. TEST145,900-00-0145,123 ANY ST,,SHIPPENSBURG,PA,17257,210705
OTHER X. TEST146,900-00-0146,123 ANY ST,,CHAMBERSBURG,PA,17202,
OTHER X. TEST147,900-00-0147,123 ANY ST,,GREENCASTLE,PA,17225,280301
OTHER X. TEST148,900-00-0148,123 ANY ST,,WAYNESBORO,PA,17268,
OTHER X. TEST149,900-00-0149,123 ANY ST,,WAYNESBORO,PA,17268,280504
OTHER X. TEST150,900-00-0150,123 ANY ST,,,,,
ROBERT C. TEST032,900-00-0032,123 ANY ST,,SMITHSBURG,MD,21783,
JAMES E. TEST034,900-00-0034,123 ANY ST,,SMITHSBURG,MD,21783,
OTHER X. TEST151,900-00-0151,123 ANY ST,,SHIPPENSBURG,PA,17257,210707
OTHER X. TEST152,900-00-0152,123 ANY ST,,CHAMBERSBURG,PA,17202,
OTHER X. TEST153,900-00-0153,123 ANY ST,,SHIPPENSBURG,PA,17257,210705
OTHER X. TEST154,900-00-0154,123 ANY ST,,CHAMBERSBURG,PA,17202,280404
OTHER X. TEST155,900-00-0155,123 ANY ST,,SHIPPENSBURG,PA,17257,210705
OTHER X. TEST156,900-00-0156,123 ANY ST,,SHIPPENSBURG,PA,17257,210105
OTHER X. TEST157,900-00-0157,123 ANY ST,,,,,
OTHER X. TEST158,900-00-0158,123 ANY ST,,SMITHSBURG,MD,21783,
OTHER X. TEST159,900-00-0159,123 ANY ST,,SHIPPENSBURG,PA,17257,210707
OTHER X. TEST160,900-00-0160,123 ANY ST,,CHAMBERSBURG,PA,17202,280404
OTHER X. TEST161,900-00-0161,123 ANY ST,,MIFFLINBURG,PA,17844,
OTHER X. TEST162,900-00-0162,123 ANY ST,,SHIPPENSBURG,PA,17257,210705
OTHER X. TEST163,900-00-0163,123 ANY ST,,NEWVILLE,PA,17241,210106
OTHER X. TEST164,900-00-0164,123 ANY ST,,,,,
OTHER X. TEST165,900-00-0165,123 ANY ST,,SMITHSBURG,MD,21783,
OTHER X. TEST166,900-00-0166,123 ANY ST,,SHIPPENSBURG,PA,17257,210705
OTHER X. TEST167,900-00-0167,123 ANY ST,,NEWVILLE,PA,17241,210106
OTHER X. TEST168,900-00-0168,123 ANY ST,,MERCERSBURG,PA,17236,280402
OTHER X. TEST169,900-00-0169,123 ANY ST,,GREENCASTLE,PA,17225,280301
OTHER X. TEST170,900-00-0170,123 ANY ST,,SHIPPENSBURG,PA,17257,210705
OTHER X. TEST171,900-00-0171,123 ANY ST,,WALNUT BOTTOM,PA,17266,210705
OTHER X. TEST172,900-00-0172,123 ANY ST,,NEWVILLE,PA,17241,210106
OTHER X. TEST173,900-00-0173,123 ANY ST,,WALNUT BOTTOM,PA,17266,210107
OTHER X. TEST174,900-00-0174,123 ANY ST,,SHIPPENSBURG,PA,17257,210106
OTHER X. TEST175,900-00-0175,123 ANY ST,,,,,
OTHER X. TEST176,900-00-0176,123 ANY ST,,,,,
OTHER X. TEST177,900-00-0177,123 ANY ST,,BAINBRIDGE,NY,13733,
OTHER X. TEST178,900-00-0178,123 ANY ST,,GREENCASTLE,PA,17225,
OTHER X. TEST179,900-00-0179,123 ANY ST,,CHAMBERSBURG,PA,17202,280404
OTHER X. TEST180,900-00-0180,123 ANY ST,,CHAMBERSBURG,PA,17201,280104
OTHER X. TEST181,900-00-0181,123 ANY ST,,SMITHSBURG,MD,21783,
OTHER X. TEST182,900-00-0182,123 ANY ST,,ST THOMAS,PA,17252,280404
OTHER X. TEST183,900-00-0183,123 ANY ST,,SHIPPENSBURG,PA,17257,210107
OTHER X. TEST184,900-00-0184,123 ANY ST,,GREENCASTLE,PA,17225,280301
OTHER X. TEST185,900-00-0185,123 ANY ST,,HAGERSTOWN,MD,21742,
OTHER X. TEST186,900-00-0186,123 ANY ST,,SHIPPENSBURG,PA,17257,210107
OTHER X. TEST187,900-00-0187,123 ANY ST,,CHAMBERSBURG,PA,17202,280104
OTHER X. TEST188,900-00-0188,123 ANY ST,,GREENCASTLE,PA,17225,280301
OTHER X. TEST189,900-00-0189,123 ANY ST,,CHAMBERSBURG,PA,17202,280104
OTHER X. TEST190,900-00-0190,123 ANY ST,,CHAMBERSBURG,PA,17202,280103
OTHER X. TEST191,900-00-0191,123 ANY ST,,CHAMBERSBURG,PA,17202,280103
OTHER X. TEST192,900-00-0192,123 ANY ST,,WALNUT BOTTOM,PA,17266,210107
OTHER X. TEST193,900-00-0193,123 ANY ST,,SHIPPENSBURG,PA,17257,210705
OTHER X. TEST194,900-00-0194,123 ANY ST,,CHAMBERSBURG,PA,17202,280404
ROBERT C. TEST042,900-00-0042,123 ANY ST,,MARTINSBURG,WV,25403,280404
OTHER X. TEST195,900-00-0195,123 ANY ST,,GREENCASTLE,PA,17225,280301
OTHER X. TEST196,900-00-0196,123 ANY ST,,GREENCASTLE,PA,17225,280301
OTHER X. TEST197,900-00-0197,123 ANY ST,,SHADY GOVE,PA,17256,280301
OTHER X. TEST198,900-00-0198,123 ANY ST,,CHAMBERSBURG,PA,17202,280301
OTHER X. TEST199,900-00-0199,123 ANY ST,,MERCERSBURG,PA,17236,
OTHER X. TEST200,900-00-0200,123 ANY ST,,WAYNESBORO,PA,17268,280504
OTHER X. TEST201,900-00-0201,123 ANY ST,,GREENCASTLE,PA,17225,280402
OTHER X. TEST202,900-00-0202,123 ANY ST,,SMITHSBURG,MD,21783,
OTHER X. TEST203,900-00-0203,123 ANY ST,,HAGERSTOWN,MD,21742,
OTHER X. TEST204,900-00-0204,123 ANY ST,,SHIPPENSBURG,PA,17257,210105
OTHER X. TEST205,900-00-0205,123 ANY ST,,TELLICO PLAINS,TN,37385,280104
OTHER X. TEST206,900-00-0206,123 ANY ST,,SHIPPENSBURG,PA,17257,210705
OTHER X. TEST207,900-00-0207,123 ANY ST,,SHIPPENSBURG,PA,17257,210705
OTHER X. TEST208,900-00-0208,123 ANY ST,,HAGERSTOWN,MD,21742,
OTHER X. TEST209,900-00-0209,123 ANY ST,,SHIPPENSBURG,PA,17257,210707
OTHER X. TEST210,900-00-0210,123 ANY ST,,CHAMBERSBURG,PA,17202,280103
OTHER X. TEST211,900-00-0211,123 ANY ST,,HAGERSTOWN,MD,21740,
OTHER X. TEST212,900-00-0212,123 ANY ST,,NEWVILLE,PA,17241,210105
OTHER X. TEST213,900-00-0213,123 ANY ST,,GREENCASTLE,PA,17225,
OTHER X. TEST214,900-00-0214,123 ANY ST,,GREENCASTLE,PA,17225,280301
OTHER X. TEST215,900-00-0215,123 ANY ST,,CHAMBERSBURG,PA,17202,
OTHER X. TEST216,900-00-0216,123 ANY ST,,,,,
OTHER X. TEST217,900-00-0217,123 ANY ST,,NEWBURG,PA,17240,210701
OTHER X. TEST218,900-00-0218,123 ANY ST,,HAGERSTOWN,MD,21740,
OTHER X. TEST219,900-00-0219,123 ANY ST,,HAGERSTOWN,MD,21740,
OTHER X. TEST220,900-00-0220,123 ANY ST,,SHIPPENSBURG,PA,17257,210705
OTHER X. TEST221,900-00-0221,123 ANY ST,,CHAMBERSBURG,PA,17201,280101
OTHER X. TEST222,900-00-0222,123 ANY ST,,NEWVILLE,PA,17241,210110
OTHER X. TEST223,900-00-0223,123 ANY ST,,,,,
OTHER X. TEST224,900-00-0224,123 ANY ST,,WAYNESBORO,PA,17268,280504
OTHER X. TEST225,900-00-0225,123 ANY ST,,WAYNESBORO,PA,17268,280301
OTHER X. TEST226,900-00-0226,123 ANY ST,,WAYNESBORO,PA,17268,
OTHER X. TEST227,900-00-0227,123 ANY ST,,CHAMBERSBURG,PA,17202,
OTHER X. TEST228,900-00-0228,123 ANY ST,,CHAMBERSBURG,PA,17202,280404
OTHER X. TEST229,900-00-0229,123 ANY ST,,SHIPPENSBURG,PA,17257,210705
OTHER X. TEST230,900-00-0230,123 ANY ST,,SHIPPENSBURG,PA,17257,210705
OTHER X. TEST231,900-00-0231,123 ANY ST,,CHAMBERSBURG,PA,17202,
OTHER X. TEST232,900-00-0232,123 ANY ST,,CHAMBERSBURG,PA,17202,280404
OTHER X. TEST233,900-00-0233,123 ANY ST,,ST THOMAS,PA,17252,280404
OTHER X. TEST234,900-00-0234,123 ANY ST,,WAYNESBORO,PA,17268,280504
OTHER X. TEST235,900-00-0235,123 ANY ST,,WAYNESBORO,PA,17268,280301
OTHER X. TEST236,900-00-0236,123 ANY ST,,CHAMBERSBURG,PA,17202,280404
OTHER X. TEST237,900-00-0237,123 ANY ST,,MEADVILLE,PA,16335,200418
OTHER X. TEST238,900-00-0238,123 ANY ST,,CHAMBERSBURG,PA,17202,280103
OTHER X. TEST239,900-00-0239,123 ANY ST,,HAGERSTOWN,MD,21742,
OTHER X. TEST240,900-00-0240,123 ANY ST,,WILLIAMSPORT,MD,21795,
OTHER X. TEST241,900-00-0241,123 ANY ST,,CHAMBERSBURG,PA,17202,280301
OTHER X. TEST242,900-00-0242,123 ANY ST,,GREENCASTLE,PA,17225,280301
OTHER X. TEST243,900-00-0243,123 ANY ST,,CHAMBERSBURG,PA,17202,280104
OTHER X. TEST244,900-00-0244,123 ANY ST,,CHAMBERSBURG,PA,17202,280404
