Local Tax Summary,,,,,,,,,,,,
FRANKLIN COUNTY AREA TAX BUREAU,,,,,,,,,,,,
TCD28,,,,,,,,,,,,
Employee,SSN,Street,Street 2,City,State,ZIP,Print on W2 As,Misc 1,Misc 2,Misc 3,Wagebase,Tax
MARY B. TEST001,900-00-0001,123 ANY ST,,CHAMBERSBURG,PA,17202,TCD28,1.0%,,,"3,609.25",36.09
ROBERT C. TEST003 JR,900-00-0003,123 ANY ST,,CHAMBERSBURG,PA,17202,TCD28,1.7%,,,"8,108.82",137.86
JAMES E. TEST004,900-00-0004,123 ANY ST,,SHIPPENSBURG,PA,17257,TCD28,1.4%,,,"8,011.98",112.17
MICHAEL G. TEST006,900-00-0006,123 ANY ST,,SHIPPENSBURG,PA,17257,TCD28,1.4%,,,"1,970.60",27.59
WILLIAM I. TEST008,900-00-0008,123 ANY ST,,SHIPPENSBURG,PA,17257,TCD28,1.4%,,,"5,977.37",83.67
ELIZABETH J. TEST009,900-00-0009,123 ANY ST,,CHAMBERSBURG,PA,17202,TCD28,1.7%,,,"1,249.53",21.24
JOHN A. TEST010,900-00-0010,123 ANY ST,,MECHANICSBURG,PA,17055,TCD28,1.7%,,,"28,000.00",476.00
MARY B. TEST011,900-00-0011,123 ANY ST,,CHAMBERSBURG,PA,17202,TCD28,1.7%,,,"9,017.31",153.30
ROBERT C. TEST012,900-00-0012,123 ANY ST,,GREENCASTLE,PA,17225,TCD28,1.0%,,,"18,015.13",180.16
LINDA D. TEST013,900-00-0013,123 ANY ST,,CHAMBERSBURG,PA,17202,TCD28,1.7%,,,"1,311.40",22.30
PATRICIA F. TEST015,900-00-0015,123 ANY ST,,NEWVILLE,PA,17241,TCD28,1.65%,,,153.07,2.53
MICHAEL G. TEST016,900-00-0016,123 ANY ST,,WAYNESBORO,PA,17268,TCD28,1.0%,,,"2,455.58",24.56
BARBARA H. TEST017,900-00-0017,123 ANY ST,,CHAMBERSBURG,PA,17202,TCD28,1.0%,,,"3,378.75",33.80
WILLIAM I. TEST018,900-00-0018,123 ANY ST,,CHAMBERSBURG,PA,17202,TCD28,1.0%,,,"4,223.80",42.24
JOHN A. TEST020,900-00-0020,123 ANY ST,,GREENCASTLE,PA,17225,TCD28,1.0%,,,"5,679.29",56.80
MARY B. TEST021,900-00-0021,123 ANY ST,,GREENCASTLE,PA,17225,TCD28,1.0%,,,"3,352.00",33.52
LINDA D. TEST023,900-00-0023,123 ANY ST,,WAYNESBORO,PA,17268,TCD28,1.0%,,,"4,524.66",45.25
JAMES E. TEST024,900-00-0024,123 ANY ST,,SHIPPENSBURG,PA,17257,TCD28,1.4%,,,"6,524.69",91.34
PATRICIA F. TEST025,900-00-0025,123 ANY ST,,SHIPPENSBURG,PA,17257,TCD28,1.4%,,,"5,200.05",72.80
MICHAEL G. TEST026,900-00-0026,123 ANY ST,,SHIPPENSBURG,PA,17257,TCD28,1.4%,,,"2,936.53",41.11
BARBARA H. TEST027,900-00-0027,123 ANY ST,,WAYNESBORO,PA,17268,TCD28,1.0%,,,"5,728.96",57.30
JOHN A. TEST030,900-00-0030,123 ANY ST,,SHIPPENSBURG,PA,17257,TCD28,1.4%,,,"1,375.17",19.25
MARY B. TEST031,900-00-0031,123 ANY ST,,NEWVILLE,PA,17241,TCD28,1.65%,,,"8,038.12",132.63
LINDA D. TEST033,900-00-0033,123 ANY ST,,SHIPPENSBURG,PA,17257,TCD28,1.4%,,,"13,023.30",182.32
PATRICIA F. TEST035,900-00-0035,123 ANY ST,,SHIPPENSBURG,PA,17257,TCD28,1.65%,,,"8,625.08",142.31
MICHAEL G. TEST036,900-00-0036,123 ANY ST,,GREENCASTLE,PA,17225,TCD28,1.0%,,,"4,138.87",41.40
BARBARA H. TEST037,900-00-0037,123 ANY ST,,CHAMBERSBURG,PA,17202,TCD28,1.7%,,,"6,343.79",107.84
WILLIAM I. TEST038,900-00-0038,123 ANY ST,,CHAMBERSBURG,PA,17202,TCD28,1.7%,,,"3,615.41",61.47
ELIZABETH J. TEST039,900-00-0039,123 ANY ST,,WALNUT BOTTOM,PA,17266,TCD28,1.65%,,,"8,904.77",146.93
JOHN A. TEST040,900-00-0040,123 ANY ST,,SHIPPENSBURG,PA,17257,TCD28,1.4%,,,"3,156.11",44.19
MARY B. TEST041,900-00-0041,123 ANY ST,,CHAMBERSBURG,PA,17202,TCD28,1.0%,,,"9,722.25",97.22
JAMES E. TEST044,900-00-0044,123 ANY ST,,SHIPPENSBURG,PA,17257,TCD28,1.4%,,,"8,328.46",116.58
PATRICIA F. TEST045,900-00-0045,123 ANY ST,,WAYNESBORO,PA,17268,TCD28,1.0%,,,"8,250.12",82.50
MICHAEL G. TEST046,900-00-0046,123 ANY ST,,CHAMBERSBURG,PA,17202,TCD28,1.0%,,,"8,950.64",89.51
BARBARA H. TEST047,900-00-0047,123 ANY ST,,CHAMBERSBURG,PA,17202,TCD28,1.0%,,,"7,587.90",75.88
WILLIAM I. TEST048,900-00-0048,123 ANY ST,,CHAMBERSBURG,PA,17202,TCD28,1.7%,,,"3,988.41",67.81
JOHN A. TEST050,900-00-0050,123 ANY ST,,CHAMBERSBURG,PA,17202,TCD28,1.7%,,,"9,017.07",153.29
TCD28 Subtotal,,,,,,,,,,,"242,494.24","3,312.76"
Total FRANKLIN COUNTY AREA TAX BUREAU,,,,,,,,,,,"242,494.24","3,312.76"
,,,,,,,,,,,,
LST,,,,,,,,,,,,
LST,,,,,,,,,,,,
Employee,SSN,Street,Street 2,City,State,ZIP,Print on W2 As,Misc 1,Misc 2,Misc 3,Wagebase,Tax
MARY B. TEST001,900-00-0001,123 ANY ST,,CHAMBERSBURG,PA,17202,LST,2.00,52.00,,"3,609.25",10.00
ROBERT C. TEST002,900-00-0002,123 ANY ST,,SMITHSBURG,MD,21783,LST,-2.00,52.00,,"15,828.73",14.00
ROBERT C. TEST003 JR,900-00-0003,123 ANY ST,,CHAMBERSBURG,PA,17202,LST,2.00,52.00,,"8,108.82",14.00
JAMES E. TEST004,900-00-0004,123 ANY ST,,SHIPPENSBURG,PA,17257,LST,2.00,52.00,,"8,011.98",14.00
PATRICIA F. TEST005,900-00-0005,123 ANY ST,,MARTINSBURG,WV,25403,LST,-2.00,52.00,,"1,027.96",2.00
MICHAEL G. TEST006,900-00-0006,123 ANY ST,,SHIPPENSBURG,PA,17257,LST,2.00,52.00,,"1,970.60",4.00
BARBARA H. TEST007,900-00-0007,123 ANY ST,,HAGERSTOWN,MD,21740,LST,2.00,52.00,,"3,035.88",12.00
WILLIAM I. TEST008,900-00-0008,123 ANY ST,,SHIPPENSBURG,PA,17257,LST,2.00,52.00,,"5,977.37",14.00
ELIZABETH J. TEST009,900-00-0009,123 ANY ST,,CHAMBERSBURG,PA,17202,LST,2.00,52.00,,"1,249.53",6.00
JOHN A. TEST010,900-00-0010,123 ANY ST,APT 317,MECHANICSBURG,PA,17055,LST,-2.00,52.00,,"28,000.00",14.00
MARY B. TEST011,900-00-0011,123 ANY ST,,CHAMBERSBURG,PA,17202,LST,2.00,52.00,,"9,017.31",14.00
ROBERT C. TEST012,900-00-0012,123 ANY ST,,GREENCASTLE,PA,17225,LST,2.00,52.00,,"18,015.13",14.00
LINDA D. TEST013,900-00-0013,123 ANY ST,,CHAMBERSBURG,PA,17202,LST,-2.00,52.00,,"1,311.40",14.00
JAMES E. TEST014,900-00-0014,123 ANY ST,,SMITHSBURG,MD,21783,LST,2.00,52.00,,"6,714.67",14.00
PATRICIA F. TEST015,900-00-0015,123 ANY ST,,NEWVILLE,PA,17241,LST,2.00,52.00,,153.07,2.00
MICHAEL G. TEST016,900-00-0016,123 ANY ST,,WAYNESBORO,PA,17268,LST,2.00,52.00,,"2,455.58",12.00
BARBARA H. TEST017,900-00-0017,123 ANY ST,,CHAMBERSBURG,PA,17202,LST,2.00,52.00,,"3,378.75",12.00
WILLIAM I. TEST018,900-00-0018,123 ANY ST,,CHAMBERSBURG,PA,17202,LST,2.00,52.00,,"4,223.80",14.00
ELIZABETH J. TEST019,900-00-0019,123 ANY ST,,HAGERSTOWN,MD,21740,LST,2.00,52.00,,"3,480.00",14.00
JOHN A. TEST020,900-00-0020,123 ANY ST,,GREENCASTLE,PA,17225,LST,-2.00,52.00,,"5,679.29",14.00
MARY B. TEST021,900-00-0021,123 ANY ST,,GREENCASTLE,PA,17225,LST,2.00,52.00,,"3,352.00",14.00
ROBERT C. TEST022,900-00-0022,123 ANY ST,,HAGERSTOWN,MD,21742,LST,-2.00,52.00,,"22,018.30",14.00
LINDA D. TEST023,900-00-0023,123 ANY ST,,WAYNESBORO,PA,17268,LST,2.00,52.00,,"4,524.66",12.00
JAMES E. TEST024,900-00-0024,123 ANY ST,,SHIPPENSBURG,PA,17257,LST,2.00,52.00,,"6,524.69",14.00
PATRICIA F. TEST025,900-00-0025,123 ANY ST,,SHIPPENSBURG,PA,17257,LST,2.00,52.00,,"5,200.05",14.00
MICHAEL G. TEST026,900-00-0026,123 ANY ST,,SHIPPENSBURG,PA,17257,LST,2.00,52.00,,"2,936.53",10.00
BARBARA H. TEST027,900-00-0027,123 ANY ST,,WAYNESBORO,PA,17268,LST,2.00,52.00,,"5,728.96",14.00
WILLIAM I. TEST028,900-00-0028,123 ANY ST,,SMITHSBURG,MD,21783,LST,2.00,52.00,,"5,852.59",14.00
ELIZABETH J. TEST029,900-00-0029,123 ANY ST,,SMITHSBURG,MD,21783,LST,2.00,52.00,,"4,974.85",14.00
JOHN A. TEST030,900-00-0030,123 ANY ST,,SHIPPENSBURG,PA,17257,LST,2.00,52.00,,"1,375.17",6.00
MARY B. TEST031,900-00-0031,123 ANY ST,,NEWVILLE,PA,17241,LST,2.00,52.00,,"8,038.12",14.00
ROBERT C. TEST032,900-00-0032,123 ANY ST,,SMITHSBURG,MD,21783,LST,2.00,52.00,,"12,999.99",14.00
LINDA D. TEST033,900-00-0033,123 ANY ST,,SHIPPENSBURG,PA,17257,LST,2.00,52.00,,"13,023.30",14.00
JAMES E. TEST034,900-00-0034,123 ANY ST,,SMITHSBURG,MD,21783,LST,2.00,52.00,,"9,120.61",14.00
PATRICIA F. TEST035,900-00-0035,123 ANY ST,,SHIPPENSBURG,PA,17257,LST,-2.00,52.00,,"8,625.08",14.00
MICHAEL G. TEST036,900-00-0036,123 ANY ST,,GREENCASTLE,PA,17225,LST,2.00,52.00,,"4,138.87",14.00
BARBARA H. TEST037,900-00-0037,123 ANY ST,,CHAMBERSBURG,PA,17202,LST,2.00,52.00,,"6,343.79",14.00
WILLIAM I. TEST038,900-00-0038,123 ANY ST,,CHAMBERSBURG,PA,17202,LST,2.00,52.00,,"3,615.41",8.00
ELIZABETH J. TEST039,900-00-0039,123 ANY ST,,WALNUT BOTTOM,PA,17266,LST,2.00,52.00,,"8,904.77",14.00
JOHN A. TEST040,900-00-0040,123 ANY ST,,SHIPPENSBURG,PA,17257,LST,2.00,52.00,,"3,156.11",6.00
MARY B. TEST041,900-00-0041,123 ANY ST,,CHAMBERSBURG,PA,17202,LST,2.00,52.00,,"9,722.25",14.00
ROBERT C. TEST042,900-00-0042,123 ANY ST,,MARTINSBURG,WV,25403,LST,-2.00,52.00,,"7,396.67",8.00
LINDA D. TEST043,900-00-0043,123 ANY ST,,HAGERSTOWN,MD,21742,LST,2.00,52.00,,857.73,4.00
JAMES E. TEST044,900-00-0044,123 ANY ST,,SHIPPENSBURG,PA,17257,LST,2.00,52.00,,"8,328.46",14.00
PATRICIA F. TEST045,900-00-0045,123 ANY ST,,WAYNESBORO,PA,17268,LST,2.00,52.00,,"8,250.12",14.00
MICHAEL G. TEST046,900-00-0046,123 ANY ST,,CHAMBERSBURG,PA,17202,LST,2.00,52.00,,"8,950.64",14.00
BARBARA H. TEST047,900-00-0047,123 ANY ST,,CHAMBERSBURG,PA,17202,LST,2.00,52.00,,"7,587.90",14.00
WILLIAM I. TEST048,900-00-0048,123 ANY ST,,CHAMBERSBURG,PA,17202,LST,2.00,52.00,,"3,988.41",14.00
ELIZABETH J. TEST049,900-00-0049,123 ANY ST,,HAGERSTOWN,MD,21742,LST,2.00,52.00,,"2,090.00",2.00
JOHN A. TEST050,900-00-0050,123 ANY ST,,CHAMBERSBURG,PA,17202,LST,2.00,52.00,,"9,017.07",14.00
LST Subtotal,,,,,,,,,,,"337,892.22",592.00
Total LST,,,,,,,,,,,"337,892.22",592.00
